Beat Strength,Chord Count,,A,A-,B,B-,C,D,D-,E,E-,F,F#,G,G#,G-
1,441,0.0,2.494331065759637,1.1337868480725624,0.22675736961451248,9.070294784580499,12.471655328798185,2.0408163265306123,2.947845804988662,3.4013605442176873,4.308390022675737,35.827664399092974,0.0,25.850340136054424,0.22675736961451248,0.0
2,129,0.0,1.550387596899225,14.728682170542637,0.0,14.728682170542637,49.6124031007752,1.550387596899225,0.0,0.0,0.0,13.178294573643413,1.550387596899225,3.10077519379845,0.0,0.0
3,1890,0.0,4.656084656084656,3.968253968253968,0.10582010582010583,5.873015873015873,38.67724867724868,3.9153439153439153,0.26455026455026454,2.751322751322751,2.433862433862434,21.957671957671955,0.0,14.761904761904763,0.0,0.6349206349206349
